<?xml version="1.0" encoding="UTF-8"?>
<!-- // @formatter:off -->

<!--
  ~ Artifactory is a binaries repository manager.
  ~ Copyright (C) 2014 JFrog Ltd.
  ~
  ~ Artifactory is free software: you can redistribute it and/or modify
  ~ it under the terms of the GNU Lesser General Public License as published by
  ~ the Free Software Foundation, either version 3 of the License, or
  ~ (at your option) any later version.
  ~
  ~ Artifactory is distributed in the hope that it will be useful,
  ~ but WITHOUT ANY WARRANTY; without even the implied warranty of
  ~ MERCHANTABILITY or FITNESS FOR A PARTICULAR PURPOSE.  See the
  ~ GNU Lesser General Public License for more details.
  ~
  ~ You should have received a copy of the GNU Lesser General Public License
  ~ along with Artifactory.  If not, see <http://www.gnu.org/licenses/>.
  -->
<config xmlns:xsi="http://www.w3.org/2001/XMLSchema-instance"
        xmlns="http://artifactory.jfrog.org/xsd/1.5.9"
        xsi:schemaLocation="http://artifactory.jfrog.org/xsd/1.5.9
        http://www.jfrog.org/xsd/artifactory-v1_5_9.xsd">
<!--
    enable/disable anonymous downloads
    -->
    <security>
        <anonAccessEnabled>true</anonAccessEnabled>
        <anonAccessToBuildInfosDisabled>false</anonAccessToBuildInfosDisabled>
    </security>
    <backups>
        <backup>
            <key>backup-daily</key>
            <!-- backup Monday to Friday at 2:00 AM -->
            <cronExp>0 0 2 ? * MON-FRI</cronExp>
            <!-- Always backup to a "current" dir (incremental backups) -->
            <retentionPeriodHours>0</retentionPeriodHours>
            <!-- exclude certain repositories from being backed up -->
            <excludedRepositories>
                <repositoryRef>jcenter</repositoryRef>
            </excludedRepositories>
        </backup>
        <backup>
            <key>backup-weekly</key>
            <enabled>false</enabled>
            <!-- backup on Saturday at 2:00 AM -->
            <cronExp>0 0 2 ? * SAT</cronExp>
            <!-- keep backups for 2 weeks. -->
            <retentionPeriodHours>336</retentionPeriodHours>
            <!-- exclude certain repositories from being backed up -->
            <excludedRepositories>
                <repositoryRef>jcenter</repositoryRef>
            </excludedRepositories>
        </backup>
    </backups>

    <!-- The interval at which to activate the maven indexer. -->
    <indexer>
        <!-- By Default index once a day at 05:23AM -->
        <cronExp>0 23 5 * * ?</cronExp>
    </indexer>

    <localRepositories>
        <localRepository>
            <key>libs-release-local</key>
            <description>Local repository for in-house libraries</description>
            <repoLayoutRef>maven-2-default</repoLayoutRef>
            <handleReleases>true</handleReleases>
            <handleSnapshots>false</handleSnapshots>
        </localRepository>
        <localRepository>
            <key>libs-snapshot-local</key>
            <description>Local repository for in-house snapshots</description>
            <repoLayoutRef>maven-2-default</repoLayoutRef>
            <handleReleases>false</handleReleases>
            <handleSnapshots>true</handleSnapshots>
        </localRepository>
        <localRepository>
            <key>plugins-release-local</key>
            <description>Local repository for plugins</description>
            <repoLayoutRef>maven-2-default</repoLayoutRef>
            <handleReleases>true</handleReleases>
            <handleSnapshots>false</handleSnapshots>
        </localRepository>
        <localRepository>
            <key>plugins-snapshot-local</key>
            <description>Local repository for plugins snapshots</description>
            <repoLayoutRef>maven-2-default</repoLayoutRef>
            <handleReleases>false</handleReleases>
            <handleSnapshots>true</handleSnapshots>
        </localRepository>
        <localRepository>
            <key>ext-release-local</key>
            <description>Local repository for third party libraries</description>
            <repoLayoutRef>maven-2-default</repoLayoutRef>
            <handleReleases>true</handleReleases>
            <handleSnapshots>false</handleSnapshots>
        </localRepository>
        <localRepository>
            <key>ext-snapshot-local</key>
            <description>Local repository for third party snapshots</description>
            <repoLayoutRef>maven-2-default</repoLayoutRef>
            <handleReleases>false</handleReleases>
            <handleSnapshots>true</handleSnapshots>
        </localRepository>
    </localRepositories>

    <remoteRepositories>
        <remoteRepository>
            <key>jcenter</key>
            <description>Bintray Central Java repository</description>
            <repoLayoutRef>maven-2-default</repoLayoutRef>
            <handleReleases>true</handleReleases>
            <handleSnapshots>false</handleSnapshots>
            <url>http://jcenter.bintray.com</url>
        </remoteRepository>
    </remoteRepositories>

    <virtualRepositories>
        <!-- This repository will be available at the url:
        http://<host>:<port>/artifactory/snapshots-only/
        (note the trailing slash!)
        -->
        <virtualRepository>
            <key>remote-repos</key>
            <artifactoryRequestsCanRetrieveRemoteArtifacts>true</artifactoryRequestsCanRetrieveRemoteArtifacts>
            <repositories>
                <repositoryRef>jcenter</repositoryRef>
            </repositories>
        </virtualRepository>
        <virtualRepository>
            <key>libs-release</key>
            <repositories>
                <repositoryRef>libs-release-local</repositoryRef>
                <repositoryRef>ext-release-local</repositoryRef>
                <repositoryRef>remote-repos</repositoryRef>
            </repositories>
        </virtualRepository>
        <virtualRepository>
            <key>plugins-release</key>
            <repositories>
                <repositoryRef>plugins-release-local</repositoryRef>
                <repositoryRef>ext-release-local</repositoryRef>
                <repositoryRef>remote-repos</repositoryRef>
            </repositories>
        </virtualRepository>
        <virtualRepository>
            <key>libs-snapshot</key>
            <repositories>
                <repositoryRef>libs-snapshot-local</repositoryRef>
                <repositoryRef>ext-snapshot-local</repositoryRef>
                <repositoryRef>remote-repos</repositoryRef>
            </repositories>
        </virtualRepository>
        <virtualRepository>
            <key>plugins-snapshot</key>
            <repositories>
                <repositoryRef>plugins-snapshot-local</repositoryRef>
                <repositoryRef>ext-snapshot-local</repositoryRef>
                <repositoryRef>remote-repos</repositoryRef>
            </repositories>
        </virtualRepository>
    </virtualRepositories>

    <repoLayouts>
        <repoLayout>
            <name>maven-2-default</name>
            <artifactPathPattern>[orgPath]/[module]/[baseRev](-[folderItegRev])/[module]-[baseRev](-[fileItegRev])(-[classifier]).[ext]</artifactPathPattern>
            <distinctiveDescriptorPathPattern>true</distinctiveDescriptorPathPattern>
            <descriptorPathPattern>[orgPath]/[module]/[baseRev](-[folderItegRev])/[module]-[baseRev](-[fileItegRev])(-[classifier]).pom</descriptorPathPattern>
            <folderIntegrationRevisionRegExp>SNAPSHOT</folderIntegrationRevisionRegExp>
            <fileIntegrationRevisionRegExp>SNAPSHOT|(?:(?:[0-9]{8}.[0-9]{6})-(?:[0-9]+))</fileIntegrationRevisionRegExp>
        </repoLayout>
        <repoLayout>
            <name>ivy-default</name>
            <artifactPathPattern>[org]/[module]/[baseRev](-[folderItegRev])/[type]s/[module](-[classifier])-[baseRev](-[fileItegRev]).[ext]</artifactPathPattern>
            <distinctiveDescriptorPathPattern>true</distinctiveDescriptorPathPattern>
            <descriptorPathPattern>[org]/[module]/[baseRev](-[folderItegRev])/[type]s/ivy-[baseRev](-[fileItegRev]).xml</descriptorPathPattern>
            <folderIntegrationRevisionRegExp>\d{14}</folderIntegrationRevisionRegExp>
            <fileIntegrationRevisionRegExp>\d{14}</fileIntegrationRevisionRegExp>
        </repoLayout>
        <repoLayout>
            <name>gradle-default</name>
            <artifactPathPattern>[org]/[module]/[baseRev](-[folderItegRev])/[module]-[baseRev](-[fileItegRev])(-[classifier]).[ext]</artifactPathPattern>
            <distinctiveDescriptorPathPattern>true</distinctiveDescriptorPathPattern>
            <descriptorPathPattern>[org]/[module]/ivy-[baseRev](-[fileItegRev]).xml</descriptorPathPattern>
            <folderIntegrationRevisionRegExp>\d{14}</folderIntegrationRevisionRegExp>
            <fileIntegrationRevisionRegExp>\d{14}</fileIntegrationRevisionRegExp>
        </repoLayout>
        <repoLayout>
            <name>maven-1-default</name>
            <artifactPathPattern>[org]/[type]s/[module]-[baseRev](-[fileItegRev])(-[classifier]).[ext]</artifactPathPattern>
            <distinctiveDescriptorPathPattern>true</distinctiveDescriptorPathPattern>
            <descriptorPathPattern>[org]/[type]s/[module]-[baseRev](-[fileItegRev]).pom</descriptorPathPattern>
            <folderIntegrationRevisionRegExp>.+</folderIntegrationRevisionRegExp>
            <fileIntegrationRevisionRegExp>.+</fileIntegrationRevisionRegExp>
        </repoLayout>
    </repoLayouts>
    <gcConfig>
        <cronExp>0 0 /4 * * ?</cronExp>
    </gcConfig>
    <cleanupConfig>
        <!-- by default cleanup once a day at 05:12AM -->
        <cronExp>0 12 5 * * ?</cronExp>
    </cleanupConfig>
    <virtualCacheCleanupConfig>
        <!-- by default cleanup once a day at 05:00AM -->
        <cronExp>0 12 0 * * ?</cronExp>
    </virtualCacheCleanupConfig>
</config>
